[{"code":"ISHEM","country":"IS","description":"Heimaey"},{"code":"ISISA","country":"IS","description":"Isafjordur-hofn"},{"code":"CLGG1","country":"CL","description":"Garibaldi Glacier"},{"code":"CLANB","country":"CL","description":"Ainsworth Bay"},{"code":"CLSK1","country":"CL","description":"Skua"},{"code":"SJFR1","country":"SJ","description":"Frambukta"},{"code":"PEEB1","country":"PE","description":"El Brujo"},{"code":"SJED1","country":"SJ","description":"Edgeøya"},{"code":"SJBO1","country":"SJ","description":"Bockfjorden"},{"code":"SJBA2","country":"SJ","description":"Barentsøya"},{"code":"SJKF1","country":"SJ","description":"Krossfjorden"},{"code":"SJKL1","country":"SJ","description":"Klovningen"},{"code":"SJSO1","country":"SJ","description":"Sørgattet"},{"code":"SJPY1","country":"SJ","description":"Pyramiden"},{"code":"ECPEG","country":"EC","description":"Puerto Egas "},{"code":"ECLA1","country":"EC","description":"Las Bachas, Santa Cruz Island"},{"code":"ECDA1","country":"EC","description":"Darwin Bay, Genovesa Island"},{"code":"ECPP1","country":"EC","description":"Prince Philip Steps, Genovesa Island"},{"code":"ECPP2","country":"EC","description":"Punta Pitt, San Cristobal Island"},{"code":"ECSP1","country":"EC","description":"South Plaza Island"},{"code":"ECCD1","country":"EC","description":"Charles Darwin Research Station, Santa Cruz Island"},{"code":"ECPS1","country":"EC","description":"Punta Suarez, Espanola Island"},{"code":"ECGB1","country":"EC","description":"Gardner Bay, Espanola Island"},{"code":"ECEI1","country":"EC","description":"Eden Islet, San Cristobal Island"},{"code":"PUQ","country":"CL","description":"DO NOT USE IT"},{"code":"VAP","country":"CL","description":"DO NOT USE IT"},{"code":"FOTHO","country":"FO","description":"Thorshavn"},{"code":"USWH1","country":"US","description":"William Henry Bay"},{"code":"USUN1","country":"US","description":"Unga"},{"code":"GBSH1","country":"GB","description":"Shiant Isles"},{"code":"GGSPT","country":"GG","description":"Saint Peter Port"},{"code":"LCROD","country":"LC","description":"Rodney Bay"},{"code":"ECPL1","country":"EC","description":"Puerto Lopez"},{"code":"USPA1","country":"US","description":"Point Adolphus"},{"code":"USMF1","country":"US","description":"Misty Fjords National Monument"},{"code":"SWD","country":"US","description":"DO NOT USE IT"},{"code":"USGG1","country":"US","description":"George Island"},{"code":"USGE1","country":"US","description":"Geographic Harbor"},{"code":"ESHI1","country":"ES","description":"El Hierro"},{"code":"IMDGS","country":"IM","description":"Douglas"},{"code":"USCF1","country":"US","description":"College Fjord"},{"code":"SVAQJ","country":"SV","description":"Acajutla"},{"code":"NLAMS","country":"NL","description":"Amsterdam"},{"code":"GMBJL","country":"GM","description":"Banjul"},{"code":"BEBGS","country":"BE","description":"Brugge (Bruges)"},{"code":"FRCFR","country":"FR","description":"Caen"},{"code":"GBCUB","country":"GB","description":"Church Bay, Rathlin Island"},{"code":"GBCNU","country":"GB","description":"Craignure"},{"code":"DECUX","country":"DE","description":"Cuxhaven"},{"code":"PTFNC","country":"PT","description":"Funchal, Madeira"},{"code":"GBIOP","country":"GB","description":"Isle of Portland"},{"code":"SVLUN","country":"SV","description":"La Union"},{"code":"USCLM","country":"US","description":"Port Angeles"},{"code":"PTPXO","country":"PT","description":"Porto Santo Island"},{"code":"GBPTR","country":"GB","description":"Portrush"},{"code":"DMPOR","country":"DM","description":"Portsmouth, Dominica"},{"code":"ECPBO","country":"EC","description":"Puerto Bolivar"},{"code":"MXPVR","country":"MX","description":"Puerto Vallarta"},{"code":"FRQUI","country":"FR","description":"Quiberon"},{"code":"FRROS","country":"FR","description":"Roscoff"},{"code":"FORVK","country":"FO","description":"Runavik"},{"code":"COSAC","country":"CO","description":"San Andres"},{"code":"COANT","country":"CO","description":"San Antero"},{"code":"ESSCT","country":"ES","description":"Santa Cruz de Tenerife"},{"code":"CRENA","country":"CR","description":"Santa Elena"},{"code":"NLSCE","country":"NL","description":"Scheveningen"},{"code":"GBSTO","country":"GB","description":"Stornoway"},{"code":"SJAM1","country":"SJ","description":"Amsterdamoya"},{"code":"SJGR1","country":"SJ","description":"Gravnesodden"},{"code":"BUE","country":"AR","description":"DO NOT USE IT"},{"code":"USH","country":"AR","description":"USHUAIA"},{"code":"GPS","country":"EC","description":"DO NOT USE IT"},{"code":"UYMVD","country":"UY","description":"Montevideo"},{"code":"USWRG","country":"US","description":"Wrangell"},{"code":"USWQF","country":"US","description":"Whittier"},{"code":"USVDZ","country":"US","description":"Valdez"},{"code":"USSNP","country":"US","description":"Saint Paul Island"},{"code":"USSIT","country":"US","description":"Sitka"},{"code":"USSWD","country":"US","description":"Seward"},{"code":"USPSG","country":"US","description":"Petersburg"},{"code":"USOME","country":"US","description":"Nome"},{"code":"USKLW","country":"US","description":"Klawock"},{"code":"USICY","country":"US","description":"Icy Bay"},{"code":"USHNS","country":"US","description":"Haines"},{"code":"USDUT","country":"US","description":"Dutch Harbor"},{"code":"USCDV","country":"US","description":"Cordova"},{"code":"USCCF","country":"US","description":"College Fjord - old code"},{"code":"USADQ","country":"US","description":"Kodiak"},{"code":"PESVY","country":"PE","description":"Salaverry"},{"code":"PEPRC","country":"PE","description":"Paracas"},{"code":"PEPIO","country":"PE","description":"Pisco"},{"code":"PECLL","country":"PE","description":"Callao"},{"code":"PAPCN","country":"PA","description":"Panama Canal"},{"code":"PAPBE","country":"PA","description":"Portobelo"},{"code":"PABOC","country":"PA","description":"Bocas del Toro"},{"code":"PABLB","country":"PA","description":"Balboa"},{"code":"GBGIG","country":"GB","description":"Ardminish, Gigha Island"},{"code":"GBBEL","country":"GB","description":"Belfast"},{"code":"FRLP2","country":"FR","description":"Le Palais"},{"code":"MXGYM","country":"MX","description":"Guaymas"},{"code":"MXCSL","country":"MX","description":"Cabo San Lucas"},{"code":"ISSTY","country":"IS","description":"Stykkisholmur - hofn"},{"code":"ISSEY","country":"IS","description":"Seydisfjordur"},{"code":"ISREY","country":"IS","description":"Reykjavik"},{"code":"ISPAT","country":"IS","description":"Patreksfjordur - hofn"},{"code":"ISHUS","country":"IS","description":"Husavik - hofn"},{"code":"ISGRF","country":"IS","description":"Grundarfjordur"},{"code":"ISDPV","country":"IS","description":"Djupavik"},{"code":"ISBG6","country":"IS","description":"Bakkagerdi"},{"code":"ISAKU","country":"IS","description":"Akureyri"},{"code":"FRBOD","country":"FR","description":"Bordeaux"},{"code":"GBBDI","country":"GB","description":"Brodick, Isle of Arran"},{"code":"HNTJI","country":"HN","description":"Trujillo"},{"code":"HNRTB","country":"HN","description":"Roatan"},{"code":"GBBR1","country":"GB","description":"Burrafirth Unst"},{"code":"GBCNA","country":"GB","description":"Canna, Inner Hebrides"},{"code":"GBCBA","country":"GB","description":"Castlebay"},{"code":"FRCER","country":"FR","description":"Cherbourg-en-Cotentin"},{"code":"GBSCG","country":"GB","description":"Scalasaig, Colonsay"},{"code":"GBDTM","country":"GB","description":"Dartmouth"},{"code":"FRDRZ","country":"FR","description":"Douarnenez"},{"code":"GBDVR","country":"GB","description":"Dover"},{"code":"IEDUB","country":"IE","description":"Dublin"},{"code":"DKEBJ","country":"DK","description":"Esbjerg"},{"code":"GBFIE","country":"GB","description":"Fair Isle"},{"code":"ESFRO","country":"ES","description":"Ferrol"},{"code":"GBFIS","country":"GB","description":"Fishguard"},{"code":"SEFJA","country":"SE","description":"Fjallbacka"},{"code":"GBFWM","country":"GB","description":"Fort William"},{"code":"GBFOY","country":"GB","description":"Fowey"},{"code":"GBIGG","country":"GB","description":"Eigg"},{"code":"ESGIJ","country":"ES","description":"Gijon"},{"code":"GBGLW","country":"GB","description":"Glasgow"},{"code":"GBGRK","country":"GB","description":"Greenock"},{"code":"ECMEC","country":"EC","description":"Manta"},{"code":"CVVXE","country":"CV","description":"Sao Vicente"},{"code":"CVSNE","country":"CV","description":"Sao Nicolau"},{"code":"CVSID","country":"CV","description":"Ilha do Sal"},{"code":"CVSFL","country":"CV","description":"Sao Filipe"},{"code":"CVSAR","country":"CV","description":"Sal Rei"},{"code":"CVSAM","country":"CV","description":"Santa Maria"},{"code":"CVRAI","country":"CV","description":"Praia"},{"code":"CVPON","country":"CV","description":"Porto Novo"},{"code":"CVPAL","country":"CV","description":"Palmeira"},{"code":"CVNTO","country":"CV","description":"Santo Antao"},{"code":"CVMMO","country":"CV","description":"Maio"},{"code":"CVMIN","country":"CV","description":"Mindelo"},{"code":"CVBVR","country":"CV","description":"Brava"},{"code":"CVBVC","country":"CV","description":"Boa Vista"},{"code":"CV4SM","country":"CV","description":"Santiago"},{"code":"CRQPS","country":"CR","description":"Quepos"},{"code":"CRPAS","country":"CR","description":"Puntarenas"},{"code":"CRGLF","country":"CR","description":"Golfito"},{"code":"COSMR","country":"CO","description":"Santa Marta"},{"code":"COCTG","country":"CO","description":"Cartagena"},{"code":"COCPB","country":"CO","description":"Capurgana"},{"code":"COBUN","country":"CO","description":"Buenaventura"},{"code":"COBSC","country":"CO","description":"Bahia Solano"},{"code":"CLWPU","country":"CL","description":"Puerto Williams"},{"code":"CLWCA","country":"CL","description":"Castro"},{"code":"CLVAP","country":"CL","description":"Valparaiso"},{"code":"CLTOR","country":"CL","description":"Tortel"},{"code":"CLPUQ","country":"CL","description":"Punta Arenas"},{"code":"CLPNT","country":"CL","description":"Puerto Natales"},{"code":"CLNBL","country":"CL","description":"Niebla"},{"code":"CLLSC","country":"CL","description":"La Serena"},{"code":"CLIQQ","country":"CL","description":"Iquique"},{"code":"CLEDE","country":"CL","description":"Puerto Eden"},{"code":"CLCQQ","country":"CL","description":"Coquimbo"},{"code":"CLCAP","country":"CL","description":"Cape Horn"},{"code":"CLARI","country":"CL","description":"Arica"},{"code":"DEHAM","country":"DE","description":"Hamburg"},{"code":"BZSPR","country":"BZ","description":"San Pedro"},{"code":"BZPND","country":"BZ","description":"Punta Gorda"},{"code":"BZCUK","country":"BZ","description":"Caye Caulker"},{"code":"BZBZE","country":"BZ","description":"Belize City"},{"code":"BBBGI","country":"BB","description":"Bridgetown"},{"code":"NLHAR","country":"NL","description":"Harlingen"},{"code":"ARUSH","country":"AR","description":"Ushuaia"},{"code":"ARPMY","country":"AR","description":"Puerto Madryn"},{"code":"ARBUE","country":"AR","description":"Buenos Aires"},{"code":"ARGG1","country":"CL","description":"Garibaldi Glacier"},{"code":"ECDH2","country":"EC","description":"Dragon Hill"},{"code":"ECIC1","country":"EC","description":"Itabaca Channel"},{"code":"ECAYO","country":"EC","description":"Puerto Ayora, Isla Santa Cruz"},{"code":"ECBLI","country":"EC","description":"Bartolome Island"},{"code":"ECESP","country":"EC","description":"Espanola Island"},{"code":"ECFLO","country":"EC","description":"Floreana Island"},{"code":"ECGPS","country":"EC","description":"Galapagos Islands"},{"code":"ECGYE","country":"EC","description":"Guayaquil"},{"code":"ECUIO","country":"EC","description":"Quito"},{"code":"ECRAB","country":"EC","description":"Rabida Island"},{"code":"ECSCY","country":"EC","description":"San Cristobal"},{"code":"ECSYM","country":"EC","description":"Seymour"},{"code":"ISGRY","country":"IS","description":"Grimsey"},{"code":"FRPRJ","country":"FR","description":"Port-Joinville"},{"code":"GBION","country":"GB","description":"Baile Mor, Iona"},{"code":"GBISC","country":"GB","description":"Isles of Scilly"},{"code":"DEKEL","country":"DE","description":"Kiel"},{"code":"GBKWL","country":"GB","description":"Kirkwall"},{"code":"SEKO1","country":"SE","description":"Koster"},{"code":"GBLEI","country":"GB","description":"Leith"},{"code":"GBLER","country":"GB","description":"Lerwick"},{"code":"PTLIS","country":"PT","description":"Lisboa"},{"code":"DELIS","country":"DE","description":"List/Sylt"},{"code":"GBLO1","country":"GB","description":"Loch Scavaig"},{"code":"GBLS1","country":"GB","description":"Loch Sunart"},{"code":"SJLYR","country":"SJ","description":"Longyearbyen"},{"code":"GBMG1","country":"GB","description":"Mingulay"},{"code":"GBOBA","country":"GB","description":"Oban"},{"code":"BEOST","country":"BE","description":"Oostende (Ostend)"},{"code":"ESPAS","country":"ES","description":"Pasajes"},{"code":"IMPEL","country":"IM","description":"Peel"},{"code":"GBISY","country":"GB","description":"Islay"},{"code":"PTOPO","country":"PT","description":"Porto"},{"code":"GBPPO","country":"GB","description":"Saint Peter Port - old code"},{"code":"FRSML","country":"FR","description":"Saint-Malo"},{"code":"GBSH2","country":"GB","description":"Shiant Isles - old code"},{"code":"DKSKA","country":"DK","description":"Skagen"},{"code":"SESMO","country":"SE","description":"Smogen"},{"code":"GBKI3","country":"GB","description":"St. Kilda Archipelago"},{"code":"GBST2","country":"GB","description":"Stornoway, Lewis & Harris - old code"},{"code":"GBSNS","country":"GB","description":"Stromness"},{"code":"GBTOB","country":"GB","description":"Tobermory"},{"code":"FOTOR","country":"FO","description":"TO DELETE"},{"code":"GBTR1","country":"GB","description":"Treshnish Isles"},{"code":"USBHB","country":"US","description":"Bar Harbor"},{"code":"USBOS","country":"US","description":"Boston"},{"code":"USSEA","country":"US","description":"Seattle"},{"code":"GBVS1","country":"GB","description":"Vatersay"},{"code":"ESVGO","country":"ES","description":"Vigo"},{"code":"USMFJ","country":"US","description":"Misty Fjords National Monument - old code"},{"code":"USGEO","country":"US","description":"Geographic Harbor - old code"},{"code":"USUNG","country":"US","description":"Unga - old code"},{"code":"USSMB","country":"US","description":"Saint Matthews"},{"code":"USWHB","country":"US","description":"William Henry Bay- old code"},{"code":"USMIA","country":"US","description":"Miami"},{"code":"USEPM","country":"US","description":"Eastport"},{"code":"USRKD","country":"US","description":"Rockland"},{"code":"USPVC","country":"US","description":"Provincetown"},{"code":"USPWM","country":"US","description":"Portland"},{"code":"COPVA","country":"CO","description":"Providencia"},{"code":"BMBDA","country":"BM","description":"Hamilton"},{"code":"FKPSY","country":"FK","description":"Port Stanley"},{"code":"FKSND","country":"FK","description":"Saunders Island"},{"code":"FKWPO","country":"FK","description":"West Point Island"},{"code":"FKNIA","country":"FK","description":"New Island"},{"code":"FKCAR","country":"FK","description":"Carcass Island"},{"code":"GSGRV","country":"GS","description":"Grytviken"},{"code":"GSLEH","country":"GS","description":"Leith Harbour"},{"code":"GSCA3","country":"GS","description":"Cape Rosa"},{"code":"ECMQ1","country":"EC","description":"Mosquera"},{"code":"ECBAQ","country":"EC","description":"Puerto Baquerizo Moreno"},{"code":"ECPZ1","country":"EC","description":"Plaza Sur"},{"code":"ECSN2","country":"EC","description":"Santa Fe"},{"code":"ECIE2","country":"EC","description":"Islote Eden"},{"code":"ECSM1","country":"EC","description":"Seymour Norte"},{"code":"ECPV1","country":"EC","description":"Punta Vicente Roca"},{"code":"ECFD2","country":"EC","description":"Fernandina"},{"code":"SJGN2","country":"SJ","description":"Gnålodden"},{"code":"ECPO2","country":"EC","description":"Post Office Bay"},{"code":"ECCI2","country":"EC","description":"Champion Islet"},{"code":"ECPC6","country":"EC","description":"Punta Cormorant"},{"code":"ECBC1","country":"EC","description":"Buccaneer Cove"},{"code":"IEWAT","country":"IE","description":"Waterford"},{"code":"SJTX1","country":"SJ","description":"Texas Bar"},{"code":"PAPTY","country":"PA","description":"Panama City"},{"code":"USNYC","country":"US","description":"New York City"},{"code":"USKLP","country":"US","description":"Kelp Bay"},{"code":"SJMH1","country":"SJ","description":"Mushamna"},{"code":"USKU1","country":"US","description":"Kujulik Bay"},{"code":"GSPR1","country":"GS","description":"Prion Island"},{"code":"PACE1","country":"PA","description":"Cebaco Island"},{"code":"CRCU1","country":"CR","description":"Curu"},{"code":"USGG2","country":"US","description":"George Island - old code"},{"code":"USKUY","country":"US","description":"Uyak"},{"code":"ZZATS","country":"ZZ","description":"At Sea"},{"code":"ESLPG","country":"ES","description":"Las Palmas"},{"code":"ESEAS","country":"ES","description":"San Sebastian"},{"code":"FRISL","country":"FR","description":"Belle-Isle-en-Terre"},{"code":"GSGOD","country":"GS","description":"Godthul"},{"code":"GSFBA","country":"GS","description":"Fortuna Bay"},{"code":"GSSA3","country":"GS","description":"St. Andrews Bay"},{"code":"GSRWB","country":"GS","description":"Rightwhale Bay"},{"code":"GSSAL","country":"GS","description":"Salisbury Plain"},{"code":"USOYH","country":"US","description":"Boothbay Harbor"},{"code":"HNGJA","country":"HN","description":"Guanaja"},{"code":"HNBB5","country":"HN","description":"Bobel Cay"},{"code":"PAEV1","country":"PA","description":"Escudo de Veragas"},{"code":"GSSNS","country":"GS","description":"Stromness"},{"code":"USPSM","country":"US","description":"Portsmouth"},{"code":"DECKL","country":"DE","description":"Kiel Canal"},{"code":"GBLSI","country":"GB","description":"Sumburgh"},{"code":"GBBYC","country":"GB","description":"Ballycastle"},{"code":"FOEL2","country":"FO","description":"Elduvik"},{"code":"DEHGL","country":"DE","description":"Helgoland"},{"code":"GBTSO","country":"GB","description":"Tresco"},{"code":"GBSVZ","country":"GB","description":"Saint Mary's"},{"code":"GGACI","country":"GG","description":"Alderney"},{"code":"PEMCA","country":"PE","description":"Mancora"},{"code":"GBFEE","country":"GB","description":"Fairlie"},{"code":"CLPI1","country":"CL","description":"Pia Glacier & Glacier Alli"},{"code":"SJBA1","country":"SJ","description":"Bamsebu"},{"code":"SJCA1","country":"SJ","description":"Calypsobyen"},{"code":"SJMA1","country":"SJ","description":"Magdalenefjorden"},{"code":"SJFR2","country":"SJ","description":"Freemansundet"},{"code":"SJSU1","country":"SJ","description":"Sundbukta"},{"code":"SJSU2","country":"SJ","description":"Sundneset"},{"code":"SJNE1","country":"SJ","description":"Negribreen"},{"code":"SJBO2","country":"SJ","description":"Boltodden"},{"code":"SJNO1","country":"SJ","description":"Nordvesthjørnet med Raudfjorden"},{"code":"SJAD1","country":"SJ","description":"Adambreen"},{"code":"SJMO1","country":"SJ","description":"Monacobreen"},{"code":"GBSFA","country":"GB","description":"Staffa"},{"code":"GBPPW","country":"GB","description":"Papa Westray"},{"code":"FRIL1","country":"FR","description":"Ile d'Yeu"},{"code":"USKA1","country":"US","description":"Katmai National Park"},{"code":"USTA1","country":"US","description":"Tracy Arm"},{"code":"SJTNS","country":"SJ","description":"Torellneset"},{"code":"SJSOY","country":"SJ","description":"Storøya"},{"code":"GBLAR","country":"GB","description":"Larne"},{"code":"GLBU1","country":"GL","description":"Bushnan Ø"},{"code":"GLQO1","country":"GL","description":"Qoornoq"},{"code":"GLQI1","country":"GL","description":"Qilakitsoq"},{"code":"GLPC1","country":"GL","description":"Prins Christian Sund"},{"code":"GLOBY","country":"GL","description":"Ittoqqortoormiit"},{"code":"GLAOQ","country":"GL","description":"Aappilattoq"},{"code":"GLJEG","country":"GL","description":"Aasiaat (Egedesminde)"},{"code":"GLB1H","country":"GL","description":"Brattahlid"},{"code":"GLCF1","country":"GL","description":"Camp Frieda"},{"code":"GLDUN","country":"GL","description":"Dundas"},{"code":"GLEQI","country":"GL","description":"Equip Sermia"},{"code":"USHG1","country":"GL","description":"Hubbard Glacier"},{"code":"GLHI2","country":"GL","description":"Hurry Inlet"},{"code":"GLIGA","country":"GL","description":"Igaliku"},{"code":"GLJAV","country":"GL","description":"Ilulissat (Jakobshavn)"},{"code":"GLITI","country":"GL","description":"Itilleq"},{"code":"GLCNP","country":"GL","description":"Ittoqqortoormiit - Old code"},{"code":"GLIVI","country":"GL","description":"Ivittuut"},{"code":"GLKV1","country":"GL","description":"Kvanefjord"},{"code":"GLJSU","country":"GL","description":"Maniitsoq (Sukkertoppen)"},{"code":"GLJNS","country":"GL","description":"Narsaq"},{"code":"GLGOH","country":"GL","description":"Nuuk (Godthaab)"},{"code":"GLTHU","country":"GL","description":"Pituffik"},{"code":"DKPC1","country":"GL","description":"TO DELETE"},{"code":"GLNAQ","country":"GL","description":"Qaanaaq"},{"code":"GLJJU","country":"GL","description":"Qaqortoq (Julianehaab)"},{"code":"GLJGO","country":"GL","description":"Qeqertarsuaq (Godhavn)"},{"code":"GLQUE","country":"GL","description":"Qullissat"},{"code":"GLRD1","country":"GL","description":"Rødefjord"},{"code":"GOH","country":"GL","description":"DO NOT USE IT"},{"code":"GLWH1","country":"GL","description":"WALTERSHAUSEN GLACIER"},{"code":"GLS1S","country":"GL","description":"SCORESBYSUND"},{"code":"GLRP2","country":"GL","description":"Rypefjord"},{"code":"GLSV1","country":"GL","description":"Savissivik"},{"code":"GLJHS","country":"GL","description":"Sisimiut (Holsteinsborg)"},{"code":"GLSKL","country":"GL","description":"Skjoldungen"},{"code":"GLAGM","country":"GL","description":"Tasiilaq"},{"code":"GLUQ1","country":"GL","description":"Uunartoq"},{"code":"GLUDM","country":"GL","description":"Uummannaq"},{"code":"GLUUM","country":"GL","description":"Uummannaq Fjord"},{"code":"GLBL1","country":"GL","description":"Blomsterbukta"},{"code":"GLAN1","country":"GL","description":"Antarctic Havn"},{"code":"GLBOE","country":"GL","description":"Bjørne Øer"},{"code":"GLEL1","country":"GL","description":"Ella Ø"},{"code":"GLMY1","country":"GL","description":"Myggbukta"},{"code":"GLDNO","country":"GL","description":"Danmarks Ø / Hekla Havn"},{"code":"GLQA1","country":"GL","description":"Qassiarsuk"},{"code":"GLKA1","country":"GL","description":"Kapisillit"},{"code":"GLUUN","country":"GL","description":"Vaigat Sound"},{"code":"GLEVI","country":"GL","description":"Evighedsfjord"},{"code":"GLSI1","country":"GL","description":"Siorapaluk"},{"code":"GLHNS","country":"GL","description":"Hans Ø"},{"code":"AQABN","country":"AQ","description":"Almirante Brown"},{"code":"AQAS3","country":"AQ","description":"Antarctica Sound"},{"code":"AQARC","country":"AQ","description":"Arctowski"},{"code":"AQART","country":"AQ","description":"Artigas"},{"code":"AQAPT","country":"AQ","description":"Arturo Prat"},{"code":"AQBA2","country":"AQ","description":"Barrientos Island"},{"code":"AQBHN","country":"AQ","description":"Bellingshausen"},{"code":"AQBPO","country":"AQ","description":"Bongrain Point"},{"code":"AQBRB","country":"AQ","description":"Brown Bluff"},{"code":"AQBSN","country":"AQ","description":"Brown Station"},{"code":"AQCFZ","country":"AQ","description":"Comandante Ferraz"},{"code":"AQCS1","country":"AQ","description":"Crystal Sound"},{"code":"AQCUV","country":"AQ","description":"Cuverville Island"},{"code":"AQDA1","country":"AQ","description":"Damoy Point"},{"code":"AQDAP","country":"AQ","description":"Damoy Point / Dorian Bay"},{"code":"AQDAN","country":"AQ","description":"Danco Island"},{"code":"AQDEC","country":"AQ","description":"Deception Island"},{"code":"AQDID","country":"AQ","description":"Detaille Island"},{"code":"AQESP","country":"AQ","description":"Esperanza"},{"code":"AQOHG","country":"AQ","description":"General Bernardo O'higgins"},{"code":"AQGER","country":"AQ","description":"Gerlache Strait"},{"code":"AQGOU","country":"AQ","description":"Goudier Island"},{"code":"AQGWL","country":"AQ","description":"Great Wall"},{"code":"AQHMI","country":"AQ","description":"Half Moon Island"},{"code":"AQHS1","country":"AQ","description":"Horseshoe Island"},{"code":"AQJUB","country":"AQ","description":"Jubany"},{"code":"AQKSG","country":"AQ","description":"King Sejong"},{"code":"AQMB1","country":"AQ","description":"Marguerite Bay"},{"code":"AQMIH","country":"AQ","description":"Mikkelsen Harbour"},{"code":"AQNEK","country":"AQ","description":"Neko Harbour"},{"code":"AQNST","country":"AQ","description":"Northern Gerlache"},{"code":"AQORC","country":"AQ","description":"Orcadas"},{"code":"AQORN","country":"AQ","description":"Orne Harbor"},{"code":"AQOH1","country":"AQ","description":"Orne Harbour"},{"code":"AQPLM","country":"AQ","description":"Palmer"},{"code":"AQPAT","country":"AQ","description":"Paulet Island"},{"code":"AQPS1","country":"AQ","description":"Penola Strait"},{"code":"AQPET","country":"AQ","description":"Peterman"},{"code":"AQPM1","country":"AQ","description":"Petermann Island"},{"code":"AQPL1","country":"AQ","description":"Pleneau Island"},{"code":"AQPCC","country":"AQ","description":"Port Charcot"},{"code":"AQPFS","country":"AQ","description":"Port Foster"},{"code":"AQRE2","country":"AQ","description":"Red Rock Ridge"},{"code":"AQROT","country":"AQ","description":"Rothera"},{"code":"AQSAD","country":"AQ","description":"Sadler Point"},{"code":"AQSMT","country":"AQ","description":"San Martin"},{"code":"AQSGN","country":"AQ","description":"Signy"},{"code":"AQSS2","country":"AQ","description":"South Shetland"},{"code":"AQSST","country":"AQ","description":"Southern Gerlache"},{"code":"AQSPT","country":"AQ","description":"Spert Island"},{"code":"AQSGP","country":"AQ","description":"Spigot Peak"},{"code":"AQSGI","country":"AQ","description":"Stonington Island"},{"code":"AQTEL","country":"AQ","description":"Telefon Bay"},{"code":"AQTNM","country":"AQ","description":"Teniente R. Marsh"},{"code":"AQVKY","country":"AQ","description":"Vernadsky"},{"code":"AQWHA","country":"AQ","description":"Whalers Bay"},{"code":"AQWE1","country":"AQ","description":"Weddell Sea"},{"code":"SJSB1","country":"NO","description":"SKANSEBUKTA"},{"code":"NOBNN","country":"NO","description":"Bronnoysund"},{"code":"NOHJF","country":"NO","description":"Hjorundfjorden"},{"code":"NOSKZ","country":"NO","description":"Skarsvag"},{"code":"LYR","country":"NO","description":"DO NOT USE IT"},{"code":"NOAES","country":"NO","description":"Alesund"},{"code":"NOA2F","country":"NO","description":"Alkefjellet"},{"code":"NOALF","country":"NO","description":"Alta"},{"code":"NOAND","country":"NO","description":"Andalsnes"},{"code":"NOARE","country":"NO","description":"Arendal"},{"code":"SJBAR","country":"NO","description":"Barentsburg"},{"code":"NOBGO","country":"NO","description":"Bergen"},{"code":"NOBK1","country":"NO","description":"Bessaker"},{"code":"NOBSB","country":"NO","description":"Bråsvellbreen"},{"code":"NOBR2","country":"NO","description":"Brucebyen"},{"code":"NOBB1","country":"NO","description":"Bunes Beach"},{"code":"NOBYS","country":"NO","description":"Bygstad"},{"code":"NOFAN","country":"NO","description":"Farsund"},{"code":"NOFNE","country":"NO","description":"Finnsnes"},{"code":"NOFYS","country":"NO","description":"Fjarland"},{"code":"NOFLA","country":"NO","description":"Flam"},{"code":"NOFOR","country":"NO","description":"Forsand"},{"code":"NOGNR","country":"NO","description":"Geiranger"},{"code":"NOGBD","country":"NO","description":"Gibostad"},{"code":"NOGN2","country":"NO","description":"Gnålodden-OLD CODE"},{"code":"NOGR2","country":"NO","description":"Gravnesodden - old code"},{"code":"NOHAU","country":"NO","description":"Haugesund"},{"code":"NOHVG","country":"NO","description":"Honningsvag"},{"code":"NOHYT","country":"NO","description":"Hyttevika"},{"code":"SJJAM","country":"NO","description":"Jan Mayen"},{"code":"NOKVG","country":"NO","description":"Kalvag"},{"code":"NOKRA","country":"NO","description":"Kragero"},{"code":"NOKRS","country":"NO","description":"Kristiansand"},{"code":"NOKF1","country":"NO","description":"Krossfjorden -old code"},{"code":"NOLKN","country":"NO","description":"Leknes"},{"code":"NOLOE","country":"NO","description":"Loen"},{"code":"NOLK1","country":"NO","description":"Lonkanfjorden"},{"code":"NOLYN","country":"NO","description":"Lyngen"},{"code":"NOLYD","country":"NO","description":"Lyngseidet"},{"code":"NOLY1","country":"NO","description":"Lysbotn"},{"code":"NOSNT","country":"NO","description":"Lysefjorden"},{"code":"NONVK","country":"NO","description":"Narvik"},{"code":"NOZNJ","country":"NO","description":"Nusfjord"},{"code":"NONAE","country":"NO","description":"Ny-Ålesund - old code"},{"code":"NOOSL","country":"NO","description":"Oslo"},{"code":"NOREI","country":"NO","description":"Reine"},{"code":"NORSE","country":"NO","description":"Rosendal"},{"code":"NOSAL","country":"NO","description":"Salangen"},{"code":"NOSJA","country":"NO","description":"Senja"},{"code":"NOSVG","country":"NO","description":"Stavanger"},{"code":"NOSKN","country":"NO","description":"Stokmarknes"},{"code":"NOST1","country":"NO","description":"Strupen"},{"code":"NOSVJ","country":"NO","description":"Svolvær"},{"code":"NOTOR","country":"NO","description":"Torsken"},{"code":"NOTRA","country":"NO","description":"Trana"},{"code":"NOTR1","country":"NO","description":"Trollfjord"},{"code":"NOTOS","country":"NO","description":"Tromso"},{"code":"NOTRD","country":"NO","description":"Trondheim"},{"code":"NOMH1","country":"NO","description":"Mushamna-OLD CODE"},{"code":"NOBB4","country":"NO","description":"Burgerbukta"},{"code":"NOYN1","country":"NO","description":"Ytre Norskøya"},{"code":"NODI1","country":"NO","description":"Diskobukta"},{"code":"NOSV1","country":"NO","description":"Svartisen"},{"code":"SJHO1","country":"NO","description":"Hornsund"},{"code":"SJSM1","country":"NO","description":"Smeerburg"},{"code":"NOSOY","country":"NO","description":"Storøya - OLD CODE"},{"code":"SJIS1","country":"NO","description":"Isflaksbukta - Phippsoya"},{"code":"SJLI1","country":"NO","description":"Liefdefjorden"},{"code":"NOGR1","country":"NO","description":"Grøtavær"},{"code":"SJNYA","country":"NO","description":"Ny-Ålesund"},{"code":"NOAAA","country":"NO","description":"Lofoten"},{"code":"NOKYO","country":"NO","description":"Kvaloya East"},{"code":"NORFT","country":"NO","description":"Raftsundet"},{"code":"NOELG","country":"NO","description":"Elgsness"},{"code":"CASA1","country":"CA","description":"Saglek Fjord"},{"code":"CANA1","country":"CA","description":"Nachvak"},{"code":"CARMB","country":"CA","description":"Ramah"},{"code":"CAHOP","country":"CA","description":"Hopedale"},{"code":"CABA1","country":"CA","description":"Battle Harbour"},{"code":"CASAT","country":"CA","description":"Saint-Anthony"},{"code":"CABO1","country":"CA","description":"Bonavista"},{"code":"CASJF","country":"CA","description":"Saint-John's"},{"code":"VAN","country":"CA","description":"DO NOT USE IT"},{"code":"CAULK","country":"CA","description":"Ulukhaktok"},{"code":"CASH1","country":"CA","description":"Smoking Hills"},{"code":"CASG1","country":"CA","description":"Sermilik Glacier"},{"code":"CASNK","country":"CA","description":"Sanirajak"},{"code":"CARBY","country":"CA","description":"Red Bay"},{"code":"CAYGZ","country":"CA","description":"Grise Fiord"},{"code":"CAFR1","country":"CA","description":"Fort Ross"},{"code":"CAEL1","country":"CA","description":"Elwin Inlet"},{"code":"CAYZS","country":"CA","description":"Coral Harbour"},{"code":"CACLR","country":"CA","description":"Clyde River"},{"code":"CACM1","country":"CA","description":"Cape Mercy"},{"code":"CABLK","country":"CA","description":"Baker Lake"},{"code":"CAYEK","country":"CA","description":"Arviat"},{"code":"CAAI2","country":"CA","description":"Akpatok Island"},{"code":"CAARB","country":"CA","description":"Arctic Bay"},{"code":"CAAI1","country":"CA","description":"Aulitivik Island"},{"code":"CAYSA","country":"CA","description":"Sable Island"},{"code":"CAYMN","country":"CA","description":"Makkovik"},{"code":"CABE1","country":"CA","description":"Beechey Island"},{"code":"CABS1","country":"CA","description":"Bellot Strait (Eastern Entrance)"},{"code":"CABS2","country":"CA","description":"Bellot Strait (Western Entrance)"},{"code":"CABH1","country":"CA","description":"Bernard Harbour"},{"code":"CAVAN","country":"CA","description":"Vancouver"},{"code":"CABI1","country":"CA","description":"Blacklead Island"},{"code":"CASI3","country":"CA","description":"Saturna Island"},{"code":"CABOG","country":"CA","description":"Boger Bay"},{"code":"CAQKQ","country":"CA","description":"Qikiqtarjuaq"},{"code":"CABTF","country":"CA","description":"Butterfly Bay"},{"code":"CAPRR","country":"CA","description":"Prince Rupert"},{"code":"CACAM","country":"CA","description":"Campbell River"},{"code":"CACDO","country":"CA","description":"Cape Dorset"},{"code":"CALUN","country":"CA","description":"Lunenburg"},{"code":"CAYCS","country":"CA","description":"Chesterfield Inlet"},{"code":"CACO1","country":"CA","description":"Coburg Island"},{"code":"CACB1","country":"CA","description":"Coningham Bay"},{"code":"CAHBN","country":"CA","description":"Hebron"},{"code":"CAHAL","country":"CA","description":"Halifax"},{"code":"CAKGL","country":"CA","description":"Kugluktuk"},{"code":"CACG1","country":"CA","description":"Coronation Glacier"},{"code":"CACI1","country":"CA","description":"Coutts Inlet"},{"code":"CACBK","country":"CA","description":"Corner Brook"},{"code":"CACR1","country":"CA","description":"Croker Bay"},{"code":"CADU1","country":"CA","description":"Dundas Harbour"},{"code":"CAFEB","country":"CA","description":"Fecham Bay"},{"code":"CAAAL","country":"CA","description":"Alert Bay"},{"code":"CAFRT","country":"CA","description":"Fort Ross - old code"},{"code":"CAFFJ","country":"CA","description":"Fram Fjord"},{"code":"CAFHN","country":"CA","description":"Fram Haven"},{"code":"CAGF1","country":"CA","description":"Gibbs Fjord"},{"code":"CAYHK","country":"CA","description":"Gjoa Haven"},{"code":"CAHLI","country":"CA","description":"Herschel Island"},{"code":"CAIGL","country":"CA","description":"Igloolik"},{"code":"CAIQA","country":"CA","description":"Iqaluit"},{"code":"CAIB1","country":"CA","description":"Isabella Bay"},{"code":"CAJB1","country":"CA","description":"Johansen Bay"},{"code":"CAYLC","country":"CA","description":"Kimmirut/Lake Harbour"},{"code":"CAKP1","country":"CA","description":"King Point"},{"code":"CAYBB","country":"CA","description":"Kugaaruk"},{"code":"CALF1","country":"CA","description":"Lady Franklin Island"},{"code":"CALI1","country":"CA","description":"Leopold Island"},{"code":"CALS1","country":"CA","description":"Lower Savage Islands (N)"},{"code":"CALS2","country":"CA","description":"Lower Savage Islands (S)"},{"code":"CAMI1","country":"CA","description":"Mallikjuaq Island"},{"code":"CAMB1","country":"CA","description":"Maxwell Bay - Devon Island"},{"code":"CAMI2","country":"CA","description":"Milne Inlet"},{"code":"CAMNI","country":"CA","description":"Milne Inlet Port"},{"code":"CAMI3","country":"CA","description":"Monumental Island"},{"code":"CAMI4","country":"CA","description":"Murray Island"},{"code":"CANVK","country":"CA","description":"Nanisivik"},{"code":"CANH1","country":"CA","description":"Nannuk Harbour"},{"code":"CANB1","country":"CA","description":"Navy Board Inlet"},{"code":"CAPI1","country":"CA","description":"Padloping Island"},{"code":"CAPNT","country":"CA","description":"Pangnirtung"},{"code":"CAPB1","country":"CA","description":"Pasley Bay"},{"code":"CAPI2","country":"CA","description":"Philpots Island"},{"code":"CAPDI","country":"CA","description":"Pond Inlet"},{"code":"CAPI3","country":"CA","description":"Powell Inlet"},{"code":"CAPH1","country":"CA","description":"Pritzler Harbour"},{"code":"CARA1","country":"CA","description":"Radstock Bay"},{"code":"CARIT","country":"CA","description":"Rankin Inlet"},{"code":"CARB1","country":"CA","description":"Red Bay - old code"},{"code":"CAREB","country":"CA","description":"Resolute Bay"},{"code":"CARSI","country":"CA","description":"Resolution Island"},{"code":"CAYSY","country":"CA","description":"Sachs Harbour"},{"code":"CASFJ","country":"CA","description":"Sam Ford Fjord"},{"code":"CASC1","country":"CA","description":"South Cape Fjord"},{"code":"YVR","country":"CA","description":"DO NOT USE IT"},{"code":"CAYYH","country":"CA","description":"Taloyoak"},{"code":"CATUK","country":"CA","description":"Tuktoyaktuk"},{"code":"CAYHI","country":"CA","description":"Ulukhaktok - old code"},{"code":"CANNO","country":"CA","description":"Nanaimo"},{"code":"CAYXN","country":"CA","description":"Whale Cove"},{"code":"CAYCB","country":"CA","description":"Cambridge Bay"}]